
--
-- Contenu de la table `COLLABORATEUR`
--

INSERT INTO `COLLABORATEUR` (`COLLABORATEUR_ID`, `ETABLISSEMENT_ID`, `SPECIALITE_ID`, `NOM`, `PRENOM`, `INITIALES`, `TITRE_ID`, `ARCHIVE`) VALUES
(1, NULL, NULL, 'COLLABARATEUR1', 'TOTO1', NULL, 2, 0),
(2, NULL, NULL, 'COLLABORATEUR2', 'TITI2', NULL, 2, 0);

--
-- Contenu de la table `COORDONNEE`
--
INSERT INTO `COORDONNEE` (`COORDONNEE_ID`, `ADRESSE`, `CP`, `VILLE`, `PAYS`, `TEL`, `FAX`, `MAIL`) VALUES
(1, '11 rue Léo Lagrange', '69100', 'LYON', 'FRANCE', NULL, NULL, 'toto1.collaborateur1@gmail.com'),
(2, NULL, NULL, NULL, NULL, NULL, NULL, 'titi2.collabarateur2@gmail.com'),
(3, NULL, NULL, NULL, NULL, NULL, NULL, 'titi2.collabarateur2@orange.fr'),
(4, NULL, NULL, NULL, NULL, NULL, NULL, 'toto1.collaborateur1@orange.fr');


--
-- Contenu de la table `COLLABORATEUR_COORDONNEE`
--
INSERT INTO `COLLABORATEUR_COORDONNEE` (`COLLABORATEUR_ID`, `COORDONNEE_ID`) VALUES
(1, 1),
(1, 4),
(2, 2),
(2, 3);

--
-- Contenu de la table `BANQUE`
--
INSERT INTO `BANQUE` (`BANQUE_ID`, `COLLABORATEUR_ID`, `CONTACT_ID`, `CONTACT_ARC`, `NOM`, `IDENTIFICATION`, `DESCRIPTION`, `PROPRIETAIRE_ID`, `AUTORISE_CROSS_PATIENT`, `ARCHIVE`, `CONTEXTE_ID`, `PLATEFORME_ID`, `DEFMALADIES`, `DEFAUT_MALADIE`, `DEFAUT_MALADIE_CODE`, `ECHANTILLON_COULEUR_ID`, `PROD_DERIVE_COULEUR_ID`) VALUES
(1, 1, 2, 'mon.contact.arc@gmail.com', 'Collection Walisco', 'cw', 'Collection Walisco', NULL, 0, 0, 4, 1, 1, NULL, NULL, NULL, NULL);


--
-- Contenu de la table `IMPORT_TEMPLATE`
--
INSERT INTO `IMPORT_TEMPLATE` (`IMPORT_TEMPLATE_ID`, `BANQUE_ID`, `NOM`, `DESCRIPTION`, `IS_EDITABLE`, `DERIVE_PARENT_ENTITE_ID`, `IS_UPDATE`) VALUES
(1, 1, 'Import OFSEP', 'Import OFSEP', 1, NULL, 0);
 

--
-- Contenu de la table `IMPORT_TEMPLATE_ENTITE`
--
INSERT INTO `IMPORT_TEMPLATE_ENTITE` (`IMPORT_TEMPLATE_ID`, `ENTITE_ID`) VALUES
(1, 1),
(1, 2),
(1, 3),
(1, 7);

--
-- Contenu de la table `CHAMP`
--
INSERT INTO `CHAMP` (`CHAMP_ID`, `CHAMP_ANNOTATION_ID`, `CHAMP_ENTITE_ID`, `CHAMP_PARENT_ID`) VALUES
(1, NULL, 23, NULL),
(2, NULL, 24, NULL),
(3, NULL, 26, NULL),
(4, NULL, 31, NULL),
(5, NULL, 30, NULL),
(6, NULL, 256, NULL),
(7, NULL, 257, NULL),
(8, NULL, 54, NULL),
(9, NULL, 58, NULL),
(10, NULL, 62, NULL),
(11, NULL, 63, NULL),
(12, NULL, 70, NULL),
(13, NULL, 72, NULL),
(14, NULL, 56, NULL),
(15, NULL, 67, NULL),
(17, NULL, 3, NULL),
(18, NULL, 5, NULL),
(19, NULL, 6, NULL),
(20, NULL, 7, NULL),
(21, NULL, 10, NULL),
(22, NULL, 17, NULL),
(23, NULL, 29, NULL),
(24, NULL, 47, NULL),
(25, NULL, 38, NULL),
(28, NULL, 61, NULL),
(30, NULL, 243, NULL),
(31, NULL, 244, NULL),
(32, NULL, 18, NULL),
(33, NULL, 19, NULL),
(34, NULL, 20, NULL),
(35, NULL, 2, NULL);

--
-- Contenu de la table `IMPORT_COLONNE`
--
INSERT INTO `IMPORT_COLONNE` (`IMPORT_COLONNE_ID`, `IMPORT_TEMPLATE_ID`, `CHAMP_ID`, `NOM`, `ORDRE`) VALUES
(1, 1, 1, 'PRELEVEMENT_CODE', 1),
(2, 1, 2, 'PRELEVEMENT_NATURE', 2),
(3, 1, 3, 'PRELEVEMENT_CONSENT_TYPE', 9),
(4, 1, 4, 'PRELEVEMENT_TYPE', 4),
(5, 1, 5, 'PRELEVEMENT_DATE_PRELEVEMENT', 3),
(6, 1, 6, 'PRELEVEMENT_CONFORME_ARRIVEE', 6),
(7, 1, 7, 'PRELEVEMENT_RAISON_NC_TRAITEMENT', 7),
(8, 1, 8, 'ECHANTILLON_CODE', 11),
(9, 1, 9, 'ECHANTILLON_TYPE', 12),
(10, 1, 10, 'ECHANTILLON_QUANTITE_INIT', 14),
(11, 1, 11, 'ECHANTILLON_QUANTITE_UNITE', 15),
(12, 1, 12, 'ECHANTILLON_MODE_PREPA', 16),
(13, 1, 13, 'ECHANTILLON_STERILE', 17),
(14, 1, 14, 'ECHANTILLON_DATE_HEURE_STOCK', 18),
(15, 1, 15, 'ECHANTILLON_DELAI_CGL', 19),
(17, 1, 17, 'PATIENT_NOM', 27),
(18, 1, 18, 'PATIENT_PRENOM', 28),
(19, 1, 19, 'PATIENT_SEXE', 29),
(20, 1, 20, 'PATIENT_DATE_NAISSANCE', 30),
(21, 1, 21, 'PATIENT_ETAT', 31),
(22, 1, 22, 'MALADIE_LIBELLE', 22),
(23, 1, 23, 'PRELEVEMENT_SERVICE_PRELEVEUR', 8),
(24, 1, 24, 'PRELEVEMENT_STERILE', 5),
(25, 1, 25, 'PRELEVEMENT_DATE_ARRIVEE', 10),
(28, 1, 28, 'ECHANTILLON_QUANTITE', 13),
(30, 1, 30, 'ECHANTILLON_CONF_APRES_TTMT', 20),
(31, 1, 31, 'ECHANTILLON_CONF_CESSION', 21),
(32, 1, 32, 'MALADIE_CODE_MALADIE', 23),
(33, 1, 33, 'MALADIE_DATE_DIAGNOSTIC', 24),
(34, 1, 34, 'MALADIE_DATE_DEBUT', 25),
(35, 1, 35, 'PATIENT_NIP', 26);
