<?xml version="1.0" encoding="UTF-8"?>
<Interfacage>
	<Logiciel func="SIP">
		<Nom>APIX</Nom>
		<Editeur>TECHNIDATA</Editeur>
		<Version>1.0</Version>
	</Logiciel>
	<Configuration>
		<SeparateurChamps>|</SeparateurChamps>
		<SeparateurComposants>^</SeparateurComposants>
		<SeparateurSousComposants>~</SeparateurSousComposants>
		<NumeroDossier>
			<BlocValue>SPM</BlocValue>
			<Key>4.1</Key>
		</NumeroDossier>
		<DateDossier>
			<BlocValue>MSH</BlocValue>
			<Key>6</Key>
		</DateDossier>
		<OperationDossier>
			<BlocValue>ORC</BlocValue>
			<Key>5</Key>
		</OperationDossier>
	</Configuration>
	<Bloc nom="PID">
		<Mapping>
			<Tk>
				<ChampEntite nom="Nom" idChamp="3"></ChampEntite>
				<Entite nom="Patient" idChamp="1"></Entite>
			</Tk>
			<Source>
				<Key>5.1</Key>
			</Source>
		</Mapping>
		<Mapping>
			<Tk>
				<ChampEntite nom="Prenom" idChamp="5"></ChampEntite>
				<Entite nom="Patient" idChamp="1"></Entite>
			</Tk>
			<Source>
				<Key>5.2</Key>
			</Source>
		</Mapping>
		<Mapping>
			<Tk>
				<ChampEntite nom="Sexe" idChamp="6"></ChampEntite>
				<Entite nom="Patient" idChamp="1"></Entite>
			</Tk>
			<Source>
				<Key>6</Key>
			</Source>
		</Mapping>
	</Bloc>
	<Bloc nom="SPM">
		<Mapping>
			<Tk>
				<ChampEntite nom="Code" idChamp="23"></ChampEntite>
				<Entite nom="Prelevement" idChamp="2"></Entite>
			</Tk>
			<Source>
				<Key>4.1</Key>
			</Source>
		</Mapping>
	</Bloc>
</Interfacage>
