<?xml version="1.0" encoding="UTF-8"?>
<Interfacage>
	<Logiciel func="SGL">
		<Nom>DIAMIC</Nom>
		<Editeur>INFOLOGIC-SANTE</Editeur>
		<Version>8.1.2.1.1</Version>
	</Logiciel>
	<Configuration>
		<SeparateurChamps>|</SeparateurChamps>
		<SeparateurComposants>^</SeparateurComposants>
		<SeparateurSousComposants>~</SeparateurSousComposants>
		<BlocLibreKey></BlocLibreKey>
		<NumeroDossier>
			<BlocValue>ORC</BlocValue>
			<Key>4.2</Key>
		</NumeroDossier>
		<DateDossier>
			<BlocValue>MSH</BlocValue>
			<Key>6</Key>
		</DateDossier>
		<OperationDossier>
			<BlocValue>ORC</BlocValue>
			<Key>5</Key>
		</OperationDossier>
	</Configuration>
	<Bloc nom="PID">
		<Mapping>
			<Tk>
				<ChampEntite nom="Nip" idChamp="2"></ChampEntite>
				<Entite nom="Patient" idChamp="1"></Entite>
			</Tk>
			<Source>
				<Key>3</Key>
			</Source>
		</Mapping>
		<Mapping>
			<Tk>
				<ChampEntite nom="Nom" idChamp="3"></ChampEntite>
				<Entite nom="Patient" idChamp="1"></Entite>
			</Tk>
			<Source>
				<Key>5.1</Key>
			</Source>
		</Mapping>
		<Mapping>
			<Tk>
				<ChampEntite nom="Prenom" idChamp="5"></ChampEntite>
				<Entite nom="Patient" idChamp="1"></Entite>
			</Tk>
			<Source>
				<Key>5.2</Key>
			</Source>
		</Mapping>
		<Mapping>
			<Tk>
				<ChampEntite nom="Sexe" idChamp="6"></ChampEntite>
				<Entite nom="Patient" idChamp="1"></Entite>
			</Tk>
			<Source>
				<Key>8</Key>
			</Source>
		</Mapping>
		<Mapping>
			<Tk>
				<ChampEntite nom="DateNaissance" idChamp="7"></ChampEntite>
				<Entite nom="Patient" idChamp="1"></Entite>
			</Tk>
			<Source>
				<Key>7</Key>
			</Source>
		</Mapping>
	</Bloc>
	<Bloc nom="PV1">
		<Mapping>
			<Tk>
				<ChampEntite nom="NumeroLabo" idChamp="45"></ChampEntite>
				<Entite nom="Prelevement" idChamp="2"></Entite>
			</Tk>
			<Source>
				<Key>19</Key>
			</Source>
		</Mapping>
	</Bloc>
	<Bloc nom="ORC">
		<Mapping>
			<Tk>
				<ChampEntite nom="Code" idChamp="23"></ChampEntite>
				<Entite nom="Prelevement" idChamp="2"></Entite>
			</Tk>
			<Source>
				<Key>4.2</Key>
			</Source>
		</Mapping>
		<Mapping>
			<Tk>
				<ChampEntite nom="DatePrelevement" idChamp="30"></ChampEntite>
				<Entite nom="Prelevement" idChamp="2"></Entite>
			</Tk>
			<Source>
				<Key>7</Key>
			</Source>
		</Mapping>
		<Mapping>
			<Tk>
				<ChampEntite nom="DateArrivee" idChamp="38"></ChampEntite>
				<Entite nom="Prelevement" idChamp="2"></Entite>
			</Tk>
			<Source>
				<Key>15</Key>
			</Source>
		</Mapping>
		<Mapping>
			<Tk>
				<ChampEntite nom="ServicePreleveurId" idChamp="29"></ChampEntite>
				<Entite nom="Prelevement" idChamp="2"></Entite>
			</Tk>
			<Source>
				<Key>21.1</Key>
				<Modifier nom="Thesaurus">
					<MappingThes>
						<SourceThes>989</SourceThes>
						<TkThes>27</TkThes>
					</MappingThes>
				</Modifier>
			</Source>
		</Mapping>
	</Bloc>
	<!-- <Bloc nom="OBR">
		<Mapping>
			<Tk>
				<ChampEntite nom="NatureId" idChamp="24"></ChampEntite>
				<Entite nom="Prelevement" idChamp="2"></Entite>
			</Tk>
			<Source>
				<Key>4.1</Key>
				<Modifier nom="Thesaurus">
					<MappingThes>
						<SourceThes>UVP1</SourceThes>
						<TkThes>TISSU</TkThes>
					</MappingThes>
					<MappingThes>
						<SourceThes>ALP1</SourceThes>
						<TkThes>TISSU</TkThes>
					</MappingThes>
					<MappingThes>
						<SourceThes>Prelevement Sanguin</SourceThes>
						<TkThes>SANG</TkThes>
					</MappingThes>
					<MappingThes>
						<SourceThes>Liquide d'Ascite</SourceThes>
						<TkThes>LIQUIDE D'ASCITE</TkThes>
					</MappingThes>
				</Modifier>
			</Source>
		</Mapping>
		<Mapping>
			<Tk>
				<ChampEntite nom="PrelevementTypeId" idChamp="31"></ChampEntite>
				<Entite nom="Prelevement" idChamp="2"></Entite>
			</Tk>
			<Source>
				<Key>4.1</Key>
				<Modifier nom="Thesaurus">
					<MappingThes>
						<SourceThes>UVP1</SourceThes>
						<TkThes>B:BIOPSIE</TkThes>
					</MappingThes>
<MappingThes>
						<SourceThes>ALP1</SourceThes>
						<TkThes>B:BIOPSIE</TkThes>
					</MappingThes>
					<MappingThes>
						<SourceThes>Prelevement Sanguin</SourceThes>
						<TkThes>SANG</TkThes>
					</MappingThes>
					<MappingThes>
						<SourceThes>Liquide d'Ascite</SourceThes>
						<TkThes>LIQUIDE D'ASCITE</TkThes>
					</MappingThes>
				</Modifier>
			</Source>
		</Mapping>
	</Bloc> -->
	<Bloc nom="OBR_OBX1">
		<Mapping>
			<Tk>
				<ChampEntite nom="CrAnapath" idChamp="255"></ChampEntite>
				<Entite nom="Echantillon" idChamp="3"></Entite>
			</Tk>
			<Source>
				<Key>5.1</Key>
				<Modifier nom="Fichier">
					<Path>/home/mathieu/Documents/tumorotek/interfacages/DIAMIC/testPDF/</Path>
				</Modifier>
			</Source>
		</Mapping>
	</Bloc>
	<Bloc nom="OBR_OBX4">
		<Mapping>
			<Tk>
				<ChampEntite nom="CodesMorphos" idChamp="230"></ChampEntite>
				<Entite nom="Echantillon" idChamp="3"></Entite>
			</Tk>
			<Source>
				<Key>5</Key>
			</Source>
		</Mapping>
	</Bloc>
	<Bloc nom="OBR_OBX5">
		<Mapping>
			<Tk>
				<ChampEntite nom="CodesOrganes" idChamp="229"></ChampEntite>
				<Entite nom="Echantillon" idChamp="3"></Entite>
			</Tk>
			<Source>
				<Key>5</Key>
			</Source>
		</Mapping>
	</Bloc>
</Interfacage>
